[
{
  "model": "sessions.session",
  "pk": "le5ikdlw4c5yqhv4x9ogsil13wy6tixm",
  "fields": {
    "session_data": "ZWNmNmI5Mzg3ZjNlMDJjODk5OWM5MzUyYTFjOGQxZGQzNDYyY2NkMzp7Il9hdXRoX3VzZXJfaWQiOiIxIiwiX2F1dGhfdXNlcl9iYWNrZW5kIjoiZGphbmdvLmNvbnRyaWIuYXV0aC5iYWNrZW5kcy5Nb2RlbEJhY2tlbmQiLCJfYXV0aF91c2VyX2hhc2giOiI0MTUzZTZlNzdlM2Q5MWUwMmEwMzU5MDdmMDVhNWVmNmJhMmFmNzZjIn0=",
    "expire_date": "2017-09-23T07:33:24.932Z"
  }
},
{
  "model": "snippets.contaminant",
  "pk": 3,
  "fields": {
    "name": "ACENAPHTHENE"
  }
},
{
  "model": "snippets.contaminant",
  "pk": 4,
  "fields": {
    "name": "ACENAPHTHYLENE"
  }
},
{
  "model": "snippets.contaminant",
  "pk": 5,
  "fields": {
    "name": "ACETONE"
  }
},
{
  "model": "snippets.contaminant",
  "pk": 6,
  "fields": {
    "name": "ALDRIN"
  }
},
{
  "model": "snippets.contaminant",
  "pk": 7,
  "fields": {
    "name": "AMETRYN"
  }
},
{
  "model": "snippets.contaminant",
  "pk": 8,
  "fields": {
    "name": "AMINO,2- DINITROTOLUENE,4,6-"
  }
},
{
  "model": "snippets.contaminant",
  "pk": 9,
  "fields": {
    "name": "AMINO,4- DINITROTOLUENE,2,6-"
  }
},
{
  "model": "snippets.contaminant",
  "pk": 10,
  "fields": {
    "name": "ANTHRACENE"
  }
},
{
  "model": "snippets.contaminant",
  "pk": 11,
  "fields": {
    "name": "ANTIMONY"
  }
},
{
  "model": "snippets.contaminant",
  "pk": 12,
  "fields": {
    "name": "ARSENIC"
  }
},
{
  "model": "snippets.contaminant",
  "pk": 13,
  "fields": {
    "name": "ATRAZINE"
  }
},
{
  "model": "snippets.contaminant",
  "pk": 14,
  "fields": {
    "name": "BARIUM"
  }
},
{
  "model": "snippets.contaminant",
  "pk": 15,
  "fields": {
    "name": "BENOMYL"
  }
},
{
  "model": "snippets.contaminant",
  "pk": 16,
  "fields": {
    "name": "BENZENE"
  }
},
{
  "model": "snippets.contaminant",
  "pk": 17,
  "fields": {
    "name": "BENZO(a)ANTHRACENE"
  }
},
{
  "model": "snippets.contaminant",
  "pk": 18,
  "fields": {
    "name": "BENZO(a)PYRENE"
  }
},
{
  "model": "snippets.contaminant",
  "pk": 19,
  "fields": {
    "name": "BENZO(b)FLUORANTHENE"
  }
},
{
  "model": "snippets.contaminant",
  "pk": 20,
  "fields": {
    "name": "BENZO(g,h,i)PERYLENE"
  }
},
{
  "model": "snippets.contaminant",
  "pk": 21,
  "fields": {
    "name": "BENZO(k)FLUORANTHENE"
  }
},
{
  "model": "snippets.contaminant",
  "pk": 22,
  "fields": {
    "name": "BERYLLIUM"
  }
},
{
  "model": "snippets.contaminant",
  "pk": 23,
  "fields": {
    "name": "BIPHENYL, 1,1-"
  }
},
{
  "model": "snippets.contaminant",
  "pk": 24,
  "fields": {
    "name": "BIS(2-CHLORO-1-METHYLETHYL)ETHER"
  }
},
{
  "model": "snippets.contaminant",
  "pk": 25,
  "fields": {
    "name": "BIS(2-CHLOROETHYL)ETHER"
  }
},
{
  "model": "snippets.contaminant",
  "pk": 26,
  "fields": {
    "name": "BIS(2-ETHYLHEXYL)PHTHALATE"
  }
},
{
  "model": "snippets.contaminant",
  "pk": 27,
  "fields": {
    "name": "BORON"
  }
},
{
  "model": "snippets.contaminant",
  "pk": 28,
  "fields": {
    "name": "BROMODICHLOROMETHANE"
  }
},
{
  "model": "snippets.contaminant",
  "pk": 29,
  "fields": {
    "name": "BROMOFORM"
  }
},
{
  "model": "snippets.contaminant",
  "pk": 30,
  "fields": {
    "name": "BROMOMETHANE"
  }
},
{
  "model": "snippets.contaminant",
  "pk": 31,
  "fields": {
    "name": "CADMIUM"
  }
},
{
  "model": "snippets.contaminant",
  "pk": 32,
  "fields": {
    "name": "CARBON TETRACHLORIDE"
  }
},
{
  "model": "snippets.contaminant",
  "pk": 33,
  "fields": {
    "name": "CHLORDANE (TECHNICAL)"
  }
},
{
  "model": "snippets.contaminant",
  "pk": 34,
  "fields": {
    "name": "CHLOROANILINE, p-"
  }
},
{
  "model": "snippets.contaminant",
  "pk": 35,
  "fields": {
    "name": "CHLOROBENZENE"
  }
},
{
  "model": "snippets.contaminant",
  "pk": 36,
  "fields": {
    "name": "CHLOROETHANE"
  }
},
{
  "model": "snippets.contaminant",
  "pk": 37,
  "fields": {
    "name": "CHLOROFORM"
  }
},
{
  "model": "snippets.contaminant",
  "pk": 38,
  "fields": {
    "name": "CHLOROMETHANE"
  }
},
{
  "model": "snippets.contaminant",
  "pk": 39,
  "fields": {
    "name": "CHLOROPHENOL, 2-"
  }
},
{
  "model": "snippets.contaminant",
  "pk": 40,
  "fields": {
    "name": "CHROMIUM (Total)"
  }
},
{
  "model": "snippets.contaminant",
  "pk": 41,
  "fields": {
    "name": "CHROMIUM III"
  }
},
{
  "model": "snippets.contaminant",
  "pk": 42,
  "fields": {
    "name": "CHROMIUM VI"
  }
},
{
  "model": "snippets.contaminant",
  "pk": 43,
  "fields": {
    "name": "CHRYSENE"
  }
},
{
  "model": "snippets.contaminant",
  "pk": 44,
  "fields": {
    "name": "COBALT"
  }
},
{
  "model": "snippets.contaminant",
  "pk": 45,
  "fields": {
    "name": "COPPER"
  }
},
{
  "model": "snippets.contaminant",
  "pk": 46,
  "fields": {
    "name": "CYANIDE (Free)"
  }
},
{
  "model": "snippets.contaminant",
  "pk": 47,
  "fields": {
    "name": "CYCLO-1,3,5-TRIMETHYLENE-2,4,6-TRINITRAMINE (RDX)"
  }
},
{
  "model": "snippets.contaminant",
  "pk": 48,
  "fields": {
    "name": "DALAPON"
  }
},
{
  "model": "snippets.contaminant",
  "pk": 49,
  "fields": {
    "name": "DIBENZO(a,h)ANTHTRACENE"
  }
},
{
  "model": "snippets.contaminant",
  "pk": 50,
  "fields": {
    "name": "DIBROMO,1,2- CHLOROPROPANE,3-"
  }
},
{
  "model": "snippets.contaminant",
  "pk": 51,
  "fields": {
    "name": "DIBROMOCHLOROMETHANE"
  }
},
{
  "model": "snippets.contaminant",
  "pk": 52,
  "fields": {
    "name": "DIBROMOETHANE, 1,2-"
  }
},
{
  "model": "snippets.contaminant",
  "pk": 53,
  "fields": {
    "name": "DICHLOROBENZENE, 1,2-"
  }
},
{
  "model": "snippets.contaminant",
  "pk": 54,
  "fields": {
    "name": "DICHLOROBENZENE, 1,3-"
  }
},
{
  "model": "snippets.contaminant",
  "pk": 55,
  "fields": {
    "name": "DICHLOROBENZENE, 1,4-"
  }
},
{
  "model": "snippets.contaminant",
  "pk": 56,
  "fields": {
    "name": "DICHLOROBENZIDINE, 3,3-"
  }
},
{
  "model": "snippets.contaminant",
  "pk": 57,
  "fields": {
    "name": "DICHLORODIPHENYLDICHLOROETHANE (DDD)"
  }
},
{
  "model": "snippets.contaminant",
  "pk": 58,
  "fields": {
    "name": "DICHLORODIPHENYLDICHLOROETHYLENE (DDE)"
  }
},
{
  "model": "snippets.contaminant",
  "pk": 59,
  "fields": {
    "name": "DICHLORODIPHENYLTRICHLOROETHANE (DDT)"
  }
},
{
  "model": "snippets.contaminant",
  "pk": 60,
  "fields": {
    "name": "DICHLOROETHANE, 1,1-"
  }
},
{
  "model": "snippets.contaminant",
  "pk": 61,
  "fields": {
    "name": "DICHLOROETHANE, 1,2-"
  }
},
{
  "model": "snippets.contaminant",
  "pk": 62,
  "fields": {
    "name": "DICHLOROETHYLENE, 1,1-"
  }
},
{
  "model": "snippets.contaminant",
  "pk": 63,
  "fields": {
    "name": "DICHLOROETHYLENE, Cis 1,2-"
  }
},
{
  "model": "snippets.contaminant",
  "pk": 64,
  "fields": {
    "name": "DICHLOROETHYLENE, Trans 1,2-"
  }
},
{
  "model": "snippets.contaminant",
  "pk": 65,
  "fields": {
    "name": "DICHLOROPHENOL, 2,4-"
  }
},
{
  "model": "snippets.contaminant",
  "pk": 66,
  "fields": {
    "name": "DICHLOROPHENOXYACETIC ACID (2,4-D)"
  }
},
{
  "model": "snippets.contaminant",
  "pk": 67,
  "fields": {
    "name": "DICHLOROPROPANE, 1,2-"
  }
},
{
  "model": "snippets.contaminant",
  "pk": 68,
  "fields": {
    "name": "DICHLOROPROPENE, 1,3-"
  }
},
{
  "model": "snippets.contaminant",
  "pk": 69,
  "fields": {
    "name": "DIELDRIN"
  }
},
{
  "model": "snippets.contaminant",
  "pk": 70,
  "fields": {
    "name": "DIETHYLPHTHALATE"
  }
},
{
  "model": "snippets.contaminant",
  "pk": 71,
  "fields": {
    "name": "DIMETHYLPHENOL, 2,4-"
  }
},
{
  "model": "snippets.contaminant",
  "pk": 72,
  "fields": {
    "name": "DIMETHYLPHTHALATE"
  }
},
{
  "model": "snippets.contaminant",
  "pk": 73,
  "fields": {
    "name": "DINITROBENZENE, 1,3-"
  }
},
{
  "model": "snippets.contaminant",
  "pk": 74,
  "fields": {
    "name": "DINITROPHENOL, 2,4-"
  }
},
{
  "model": "snippets.contaminant",
  "pk": 75,
  "fields": {
    "name": "DINITROTOLUENE, 2,4- (2,4-DNT)"
  }
},
{
  "model": "snippets.contaminant",
  "pk": 76,
  "fields": {
    "name": "DINITROTOLUENE, 2,6- (2,6-DNT)"
  }
},
{
  "model": "snippets.contaminant",
  "pk": 77,
  "fields": {
    "name": "DIOXANE, 1,4-"
  }
},
{
  "model": "snippets.contaminant",
  "pk": 78,
  "fields": {
    "name": "DIOXINS (TEQ)"
  }
},
{
  "model": "snippets.contaminant",
  "pk": 79,
  "fields": {
    "name": "DIURON"
  }
},
{
  "model": "snippets.contaminant",
  "pk": 80,
  "fields": {
    "name": "ENDOSULFAN"
  }
},
{
  "model": "snippets.contaminant",
  "pk": 81,
  "fields": {
    "name": "ENDRIN"
  }
},
{
  "model": "snippets.contaminant",
  "pk": 82,
  "fields": {
    "name": "ETHANOL"
  }
},
{
  "model": "snippets.contaminant",
  "pk": 83,
  "fields": {
    "name": "ETHYLBENZENE"
  }
},
{
  "model": "snippets.contaminant",
  "pk": 84,
  "fields": {
    "name": "Electrical Conductivity\n(mS/cm, USEPA Method 120.1 MOD)"
  }
},
{
  "model": "snippets.contaminant",
  "pk": 85,
  "fields": {
    "name": "FLUORANTHENE"
  }
},
{
  "model": "snippets.contaminant",
  "pk": 86,
  "fields": {
    "name": "FLUORENE"
  }
},
{
  "model": "snippets.contaminant",
  "pk": 87,
  "fields": {
    "name": "GLYPHOSATE"
  }
},
{
  "model": "snippets.contaminant",
  "pk": 88,
  "fields": {
    "name": "HEPTACHLOR"
  }
},
{
  "model": "snippets.contaminant",
  "pk": 89,
  "fields": {
    "name": "HEPTACHLOR EPOXIDE"
  }
},
{
  "model": "snippets.contaminant",
  "pk": 90,
  "fields": {
    "name": "HEXACHLOROBENZENE"
  }
},
{
  "model": "snippets.contaminant",
  "pk": 91,
  "fields": {
    "name": "HEXACHLOROBUTADIENE"
  }
},
{
  "model": "snippets.contaminant",
  "pk": 92,
  "fields": {
    "name": "HEXACHLOROCYCLOHEXANE (gamma) LINDANE"
  }
},
{
  "model": "snippets.contaminant",
  "pk": 93,
  "fields": {
    "name": "HEXACHLOROETHANE"
  }
},
{
  "model": "snippets.contaminant",
  "pk": 94,
  "fields": {
    "name": "HEXAZINONE"
  }
},
{
  "model": "snippets.contaminant",
  "pk": 95,
  "fields": {
    "name": "INDENO(1,2,3-cd)PYRENE"
  }
},
{
  "model": "snippets.contaminant",
  "pk": 96,
  "fields": {
    "name": "ISOPHORONE"
  }
},
{
  "model": "snippets.contaminant",
  "pk": 97,
  "fields": {
    "name": "LEAD"
  }
},
{
  "model": "snippets.contaminant",
  "pk": 98,
  "fields": {
    "name": "MERCURY"
  }
},
{
  "model": "snippets.contaminant",
  "pk": 99,
  "fields": {
    "name": "METHOXYCHLOR"
  }
},
{
  "model": "snippets.contaminant",
  "pk": 100,
  "fields": {
    "name": "METHYL ETHYL KETONE"
  }
},
{
  "model": "snippets.contaminant",
  "pk": 101,
  "fields": {
    "name": "METHYL ISOBUTYL KETONE"
  }
},
{
  "model": "snippets.contaminant",
  "pk": 102,
  "fields": {
    "name": "METHYL MERCURY"
  }
},
{
  "model": "snippets.contaminant",
  "pk": 103,
  "fields": {
    "name": "METHYL TERT BUTYL ETHER"
  }
},
{
  "model": "snippets.contaminant",
  "pk": 104,
  "fields": {
    "name": "METHYLENE CHLORIDE"
  }
},
{
  "model": "snippets.contaminant",
  "pk": 105,
  "fields": {
    "name": "METHYLNAPHTHALENE, 1-"
  }
},
{
  "model": "snippets.contaminant",
  "pk": 106,
  "fields": {
    "name": "METHYLNAPHTHALENE, 2-"
  }
},
{
  "model": "snippets.contaminant",
  "pk": 107,
  "fields": {
    "name": "MOLYBDENUM"
  }
},
{
  "model": "snippets.contaminant",
  "pk": 108,
  "fields": {
    "name": "NAPHTHALENE"
  }
},
{
  "model": "snippets.contaminant",
  "pk": 109,
  "fields": {
    "name": "NICKEL"
  }
},
{
  "model": "snippets.contaminant",
  "pk": 110,
  "fields": {
    "name": "NITROBENZENE"
  }
},
{
  "model": "snippets.contaminant",
  "pk": 111,
  "fields": {
    "name": "NITROGLYCERIN"
  }
},
{
  "model": "snippets.contaminant",
  "pk": 112,
  "fields": {
    "name": "NITROTOLUENE, 2-"
  }
},
{
  "model": "snippets.contaminant",
  "pk": 113,
  "fields": {
    "name": "NITROTOLUENE, 3-"
  }
},
{
  "model": "snippets.contaminant",
  "pk": 114,
  "fields": {
    "name": "NITROTOLUENE, 4-"
  }
},
{
  "model": "snippets.contaminant",
  "pk": 115,
  "fields": {
    "name": "PENTACHLOROPHENOL"
  }
},
{
  "model": "snippets.contaminant",
  "pk": 116,
  "fields": {
    "name": "PENTAERYTHRITOLTETRANITRATE (PETN)"
  }
},
{
  "model": "snippets.contaminant",
  "pk": 117,
  "fields": {
    "name": "PERCHLORATE"
  }
},
{
  "model": "snippets.contaminant",
  "pk": 118,
  "fields": {
    "name": "PHENANTHRENE"
  }
},
{
  "model": "snippets.contaminant",
  "pk": 119,
  "fields": {
    "name": "PHENOL"
  }
},
{
  "model": "snippets.contaminant",
  "pk": 120,
  "fields": {
    "name": "POLYCHLORINATED BIPHENYLS (PCBs)"
  }
},
{
  "model": "snippets.contaminant",
  "pk": 121,
  "fields": {
    "name": "PROPICONAZOLE"
  }
},
{
  "model": "snippets.contaminant",
  "pk": 122,
  "fields": {
    "name": "PYRENE"
  }
},
{
  "model": "snippets.contaminant",
  "pk": 123,
  "fields": {
    "name": "SELENIUM"
  }
},
{
  "model": "snippets.contaminant",
  "pk": 124,
  "fields": {
    "name": "SILVER"
  }
},
{
  "model": "snippets.contaminant",
  "pk": 125,
  "fields": {
    "name": "SIMAZINE"
  }
},
{
  "model": "snippets.contaminant",
  "pk": 126,
  "fields": {
    "name": "STYRENE"
  }
},
{
  "model": "snippets.contaminant",
  "pk": 127,
  "fields": {
    "name": "Sodium Adsorption Ratio"
  }
},
{
  "model": "snippets.contaminant",
  "pk": 128,
  "fields": {
    "name": "TERBACIL"
  }
},
{
  "model": "snippets.contaminant",
  "pk": 129,
  "fields": {
    "name": "TETRACHLOROETHANE, 1,1,1,2-"
  }
},
{
  "model": "snippets.contaminant",
  "pk": 130,
  "fields": {
    "name": "TETRACHLOROETHANE, 1,1,2,2-"
  }
},
{
  "model": "snippets.contaminant",
  "pk": 131,
  "fields": {
    "name": "TETRACHLOROETHYLENE"
  }
},
{
  "model": "snippets.contaminant",
  "pk": 132,
  "fields": {
    "name": "TETRACHLOROPHENOL, 2,3,4,6-"
  }
},
{
  "model": "snippets.contaminant",
  "pk": 133,
  "fields": {
    "name": "TETRANITRO-1,3,5,7-TETRAAZOCYCLOOCTANE (HMX)"
  }
},
{
  "model": "snippets.contaminant",
  "pk": 134,
  "fields": {
    "name": "THALLIUM"
  }
},
{
  "model": "snippets.contaminant",
  "pk": 135,
  "fields": {
    "name": "TOLUENE"
  }
},
{
  "model": "snippets.contaminant",
  "pk": 136,
  "fields": {
    "name": "TOXAPHENE"
  }
},
{
  "model": "snippets.contaminant",
  "pk": 137,
  "fields": {
    "name": "TPH (gasolines)"
  }
},
{
  "model": "snippets.contaminant",
  "pk": 138,
  "fields": {
    "name": "TPH (middle distillates)"
  }
},
{
  "model": "snippets.contaminant",
  "pk": 139,
  "fields": {
    "name": "TPH (residual fuels)"
  }
},
{
  "model": "snippets.contaminant",
  "pk": 140,
  "fields": {
    "name": "TRICHLOROBENZENE, 1,2,4-"
  }
},
{
  "model": "snippets.contaminant",
  "pk": 141,
  "fields": {
    "name": "TRICHLOROETHANE, 1,1,1-"
  }
},
{
  "model": "snippets.contaminant",
  "pk": 142,
  "fields": {
    "name": "TRICHLOROETHANE, 1,1,2-"
  }
},
{
  "model": "snippets.contaminant",
  "pk": 143,
  "fields": {
    "name": "TRICHLOROETHYLENE"
  }
},
{
  "model": "snippets.contaminant",
  "pk": 144,
  "fields": {
    "name": "TRICHLOROPHENOL, 2,4,5-"
  }
},
{
  "model": "snippets.contaminant",
  "pk": 145,
  "fields": {
    "name": "TRICHLOROPHENOL, 2,4,6-"
  }
},
{
  "model": "snippets.contaminant",
  "pk": 146,
  "fields": {
    "name": "TRICHLOROPHENOXYACETIC ACID, 2,4,5- (2,4,5-T)"
  }
},
{
  "model": "snippets.contaminant",
  "pk": 147,
  "fields": {
    "name": "TRICHLOROPHENOXYPROPIONIC ACID, 2,4,5- (2,4,5-TP)"
  }
},
{
  "model": "snippets.contaminant",
  "pk": 148,
  "fields": {
    "name": "TRICHLOROPROPANE, 1,2,3-"
  }
},
{
  "model": "snippets.contaminant",
  "pk": 149,
  "fields": {
    "name": "TRICHLOROPROPENE, 1,2,3-"
  }
},
{
  "model": "snippets.contaminant",
  "pk": 150,
  "fields": {
    "name": "TRIFLURALIN"
  }
},
{
  "model": "snippets.contaminant",
  "pk": 151,
  "fields": {
    "name": "TRINITROBENZENE, 1,3,5-"
  }
},
{
  "model": "snippets.contaminant",
  "pk": 152,
  "fields": {
    "name": "TRINITROPHENYLMETHYLNITRAMINE, 2,4,6- (TETRYL)"
  }
},
{
  "model": "snippets.contaminant",
  "pk": 153,
  "fields": {
    "name": "TRINITROTOLUENE, 2,4,6- (TNT)"
  }
},
{
  "model": "snippets.contaminant",
  "pk": 154,
  "fields": {
    "name": "VANADIUM"
  }
},
{
  "model": "snippets.contaminant",
  "pk": 155,
  "fields": {
    "name": "VINYL CHLORIDE"
  }
},
{
  "model": "snippets.contaminant",
  "pk": 156,
  "fields": {
    "name": "XYLENES"
  }
},
{
  "model": "snippets.contaminant",
  "pk": 157,
  "fields": {
    "name": "ZINC"
  }
},
{
  "model": "snippets.contaminant",
  "pk": 158,
  "fields": {
    "name": "tert-BUTYL ALCOHOL"
  }
},
{
  "model": "snippets.sitequery",
  "pk": 1,
  "fields": {
    "site_id": 1,
    "address": "45-379 Mokulele Dr #36",
    "name": "Peter Barkley",
    "timestamp": "2017-09-15T09:15:07.871Z",
    "land_use": "unrestricted",
    "groundwater_use": "drinking",
    "sw_distance": "close"
  }
},
{
  "model": "snippets.sitequery",
  "pk": 2,
  "fields": {
    "site_id": 2,
    "address": "45-427 Kaneohe Bay Dr., Kaneohe HI 96744",
    "name": "New house",
    "timestamp": "2017-09-15T06:18:56.197Z",
    "land_use": "unrestricted",
    "groundwater_use": "drinking",
    "sw_distance": "close"
  }
},
{
  "model": "snippets.sitequery",
  "pk": 3,
  "fields": {
    "site_id": 5,
    "address": "1 st, honolulu",
    "name": "something",
    "timestamp": "2017-09-14T09:44:11.084Z",
    "land_use": "commercial",
    "groundwater_use": "drinking",
    "sw_distance": "not_close"
  }
},
{
  "model": "snippets.sitequery",
  "pk": 4,
  "fields": {
    "site_id": 5,
    "address": "1 st, honolulu",
    "name": "something",
    "timestamp": "2017-09-14T09:44:47.103Z",
    "land_use": "commercial",
    "groundwater_use": "drinking",
    "sw_distance": "not_close"
  }
},
{
  "model": "snippets.sitequery",
  "pk": 5,
  "fields": {
    "site_id": 7,
    "address": "asdf",
    "name": "asdf",
    "timestamp": "2017-09-14T09:49:33.600Z",
    "land_use": "unrestricted",
    "groundwater_use": "drinking",
    "sw_distance": "close"
  }
},
{
  "model": "snippets.sitequery",
  "pk": 6,
  "fields": {
    "site_id": 8,
    "address": "asdfa",
    "name": "asdfa",
    "timestamp": "2017-09-14T09:53:57.654Z",
    "land_use": "unrestricted",
    "groundwater_use": "drinking",
    "sw_distance": "close"
  }
},
{
  "model": "snippets.sitequery",
  "pk": 7,
  "fields": {
    "site_id": 42,
    "address": "tests",
    "name": "me",
    "timestamp": "2017-09-18T06:31:21.128Z",
    "land_use": "commercial",
    "groundwater_use": "drinking",
    "sw_distance": "close"
  }
},
{
  "model": "snippets.sitequery",
  "pk": 8,
  "fields": {
    "site_id": 42,
    "address": "tests",
    "name": "me",
    "timestamp": "2017-09-18T06:36:36.359Z",
    "land_use": "unrestricted",
    "groundwater_use": "drinking",
    "sw_distance": "close"
  }
},
{
  "model": "snippets.actionlevel",
  "pk": 1,
  "fields": {
    "contaminant": 5,
    "land_use": "unrestricted",
    "groundwater_use": "drinking",
    "sw_distance": "close",
    "direct_exposure": 12000.0,
    "soil_vapor_emissions": 14000.0,
    "terrestrial_ecotoxicity": null,
    "soil_gross_contamination": 500.0,
    "leaching": 0.92,
    "dw_toxicity": 14000.0,
    "gw_vapor_emissions": 620000000.0,
    "aquatic_ecotoxicity": 1500.0,
    "gw_gross_contamination": 20000.0,
    "shallow_soil_vapor": 13000000.0,
    "indoor_air": 6500.0
  }
},
{
  "model": "snippets.actionlevel",
  "pk": 2,
  "fields": {
    "contaminant": 3,
    "land_use": "unrestricted",
    "groundwater_use": "drinking",
    "sw_distance": "close",
    "direct_exposure": 660.0,
    "soil_vapor_emissions": 120.0,
    "terrestrial_ecotoxicity": null,
    "soil_gross_contamination": 1000.0,
    "leaching": 120.0,
    "dw_toxicity": 350.0,
    "gw_vapor_emissions": 3900.0,
    "aquatic_ecotoxicity": 15.0,
    "gw_gross_contamination": 20.0,
    "shallow_soil_vapor": 100000.0,
    "indoor_air": 50.0
  }
},
{
  "model": "snippets.sitecontaminant",
  "pk": 1,
  "fields": {
    "sitequery": 2,
    "contaminant": 3,
    "soil": 1.0,
    "gw": 2.0,
    "soil_vapor": 3.0
  }
},
{
  "model": "snippets.sitecontaminant",
  "pk": 2,
  "fields": {
    "sitequery": 1,
    "contaminant": 5,
    "soil": 2.0,
    "gw": 1.0,
    "soil_vapor": 3.0
  }
},
{
  "model": "snippets.sitecontaminant",
  "pk": 3,
  "fields": {
    "sitequery": 6,
    "contaminant": 3,
    "soil": 1.0,
    "gw": 4.0,
    "soil_vapor": 3.0
  }
},
{
  "model": "snippets.sitecontaminant",
  "pk": 4,
  "fields": {
    "sitequery": 7,
    "contaminant": 5,
    "soil": 1.0,
    "gw": 4.0,
    "soil_vapor": 5.0
  }
},
{
  "model": "snippets.sitecontaminant",
  "pk": 5,
  "fields": {
    "sitequery": 8,
    "contaminant": 5,
    "soil": 6.0,
    "gw": 9.0,
    "soil_vapor": 9.0
  }
},
{
  "model": "snippets.sitecontaminant",
  "pk": 6,
  "fields": {
    "sitequery": 1,
    "contaminant": 3,
    "soil": 10.0,
    "gw": 2000.0,
    "soil_vapor": 5.0
  }
},
{
  "model": "admin.logentry",
  "pk": 1,
  "fields": {
    "action_time": "2017-09-09T07:38:31.010Z",
    "user": 1,
    "content_type": 7,
    "object_id": "2",
    "object_repr": "Contaminant object",
    "action_flag": 2,
    "change_message": "[]"
  }
},
{
  "model": "admin.logentry",
  "pk": 2,
  "fields": {
    "action_time": "2017-09-14T08:21:23.623Z",
    "user": 1,
    "content_type": 9,
    "object_id": "1",
    "object_repr": "Action levels for acetone for unrestricted land use, drinking groundwater use, and unrestricted from surface water",
    "action_flag": 1,
    "change_message": "[{\"added\": {}}]"
  }
},
{
  "model": "admin.logentry",
  "pk": 3,
  "fields": {
    "action_time": "2017-09-14T08:57:32.980Z",
    "user": 1,
    "content_type": 10,
    "object_id": "4",
    "object_repr": "acenaphthene at site query for 45-427 Kaneohe Bay Dr., Kaneohe HI 96744",
    "action_flag": 3,
    "change_message": ""
  }
},
{
  "model": "admin.logentry",
  "pk": 4,
  "fields": {
    "action_time": "2017-09-14T08:57:32.988Z",
    "user": 1,
    "content_type": 10,
    "object_id": "3",
    "object_repr": "acenaphthene at site query for 45-427 Kaneohe Bay Dr., Kaneohe HI 96744",
    "action_flag": 3,
    "change_message": ""
  }
},
{
  "model": "admin.logentry",
  "pk": 5,
  "fields": {
    "action_time": "2017-09-14T08:57:32.997Z",
    "user": 1,
    "content_type": 10,
    "object_id": "2",
    "object_repr": "acenaphthene at site query for 45-427 Kaneohe Bay Dr., Kaneohe HI 96744",
    "action_flag": 3,
    "change_message": ""
  }
},
{
  "model": "admin.logentry",
  "pk": 6,
  "fields": {
    "action_time": "2017-09-15T06:18:56.198Z",
    "user": 1,
    "content_type": 8,
    "object_id": "2",
    "object_repr": "site query for 45-427 Kaneohe Bay Dr., Kaneohe HI 96744",
    "action_flag": 2,
    "change_message": "[{\"changed\": {\"fields\": [\"sw_distance\"]}}]"
  }
},
{
  "model": "admin.logentry",
  "pk": 7,
  "fields": {
    "action_time": "2017-09-18T07:31:19.677Z",
    "user": 1,
    "content_type": 9,
    "object_id": "1",
    "object_repr": "Action levels for acetone for unrestricted land use, drinking groundwater use, and close from surface water",
    "action_flag": 2,
    "change_message": "[{\"changed\": {\"fields\": [\"terrestrial_ecotoxicity\"]}}]"
  }
},
{
  "model": "admin.logentry",
  "pk": 8,
  "fields": {
    "action_time": "2017-09-18T07:35:45.641Z",
    "user": 1,
    "content_type": 10,
    "object_id": "5",
    "object_repr": "acetone at site query for tests",
    "action_flag": 2,
    "change_message": "[]"
  }
},
{
  "model": "admin.logentry",
  "pk": 9,
  "fields": {
    "action_time": "2017-09-18T07:36:28.922Z",
    "user": 1,
    "content_type": 10,
    "object_id": "6",
    "object_repr": "acenaphthene at site query for 45-379 Mokulele Dr #36",
    "action_flag": 1,
    "change_message": "[{\"added\": {}}]"
  }
},
{
  "model": "admin.logentry",
  "pk": 10,
  "fields": {
    "action_time": "2017-09-18T07:38:24.719Z",
    "user": 1,
    "content_type": 9,
    "object_id": "2",
    "object_repr": "Action levels for acenaphthene for unrestricted land use, drinking groundwater use, and close from surface water",
    "action_flag": 1,
    "change_message": "[{\"added\": {}}]"
  }
},
{
  "model": "admin.logentry",
  "pk": 11,
  "fields": {
    "action_time": "2017-09-18T08:22:45.273Z",
    "user": 1,
    "content_type": 10,
    "object_id": "6",
    "object_repr": "ACENAPHTHENE at site query for 45-379 Mokulele Dr #36",
    "action_flag": 2,
    "change_message": "[{\"changed\": {\"fields\": [\"contaminant\"]}}]"
  }
},
{
  "model": "admin.logentry",
  "pk": 12,
  "fields": {
    "action_time": "2017-09-18T08:22:50.180Z",
    "user": 1,
    "content_type": 10,
    "object_id": "5",
    "object_repr": "ACETONE at site query for tests",
    "action_flag": 2,
    "change_message": "[{\"changed\": {\"fields\": [\"contaminant\"]}}]"
  }
},
{
  "model": "admin.logentry",
  "pk": 13,
  "fields": {
    "action_time": "2017-09-18T08:22:56.552Z",
    "user": 1,
    "content_type": 10,
    "object_id": "4",
    "object_repr": "ACETONE at site query for tests",
    "action_flag": 2,
    "change_message": "[{\"changed\": {\"fields\": [\"contaminant\"]}}]"
  }
},
{
  "model": "admin.logentry",
  "pk": 14,
  "fields": {
    "action_time": "2017-09-18T08:23:05.211Z",
    "user": 1,
    "content_type": 10,
    "object_id": "3",
    "object_repr": "ACENAPHTHENE at site query for asdfa",
    "action_flag": 2,
    "change_message": "[{\"changed\": {\"fields\": [\"contaminant\"]}}]"
  }
},
{
  "model": "admin.logentry",
  "pk": 15,
  "fields": {
    "action_time": "2017-09-18T08:23:10.529Z",
    "user": 1,
    "content_type": 10,
    "object_id": "2",
    "object_repr": "ACETONE at site query for 45-379 Mokulele Dr #36",
    "action_flag": 2,
    "change_message": "[{\"changed\": {\"fields\": [\"contaminant\"]}}]"
  }
},
{
  "model": "admin.logentry",
  "pk": 16,
  "fields": {
    "action_time": "2017-09-18T08:23:15.811Z",
    "user": 1,
    "content_type": 10,
    "object_id": "1",
    "object_repr": "ACENAPHTHENE at site query for 45-427 Kaneohe Bay Dr., Kaneohe HI 96744",
    "action_flag": 2,
    "change_message": "[{\"changed\": {\"fields\": [\"contaminant\"]}}]"
  }
},
{
  "model": "admin.logentry",
  "pk": 17,
  "fields": {
    "action_time": "2017-09-18T08:23:26.374Z",
    "user": 1,
    "content_type": 9,
    "object_id": "2",
    "object_repr": "Action levels for ACENAPHTHENE for unrestricted land use, drinking groundwater use, and close from surface water",
    "action_flag": 2,
    "change_message": "[{\"changed\": {\"fields\": [\"contaminant\"]}}]"
  }
},
{
  "model": "admin.logentry",
  "pk": 18,
  "fields": {
    "action_time": "2017-09-18T08:23:33.397Z",
    "user": 1,
    "content_type": 9,
    "object_id": "1",
    "object_repr": "Action levels for ACETONE for unrestricted land use, drinking groundwater use, and close from surface water",
    "action_flag": 2,
    "change_message": "[{\"changed\": {\"fields\": [\"contaminant\"]}}]"
  }
},
{
  "model": "admin.logentry",
  "pk": 19,
  "fields": {
    "action_time": "2017-09-18T08:24:36.622Z",
    "user": 1,
    "content_type": 7,
    "object_id": "1",
    "object_repr": "acenaphthene",
    "action_flag": 3,
    "change_message": ""
  }
},
{
  "model": "admin.logentry",
  "pk": 20,
  "fields": {
    "action_time": "2017-09-18T08:24:36.635Z",
    "user": 1,
    "content_type": 7,
    "object_id": "2",
    "object_repr": "acetone",
    "action_flag": 3,
    "change_message": ""
  }
}
]
